-- phpMyAdmin SQL Dump
-- version 4.8.4
-- https://www.phpmyadmin.net/
--
-- 主机： 127.0.0.1:3306
-- 生成日期： 2020-04-22 15:33:53
-- 服务器版本： 5.7.24
-- PHP 版本： 7.3.1

SET SQL_MODE = "NO_AUTO_VALUE_ON_ZERO";
SET AUTOCOMMIT = 0;
START TRANSACTION;
SET time_zone = "+00:00";


/*!40101 SET @OLD_CHARACTER_SET_CLIENT=@@CHARACTER_SET_CLIENT */;
/*!40101 SET @OLD_CHARACTER_SET_RESULTS=@@CHARACTER_SET_RESULTS */;
/*!40101 SET @OLD_COLLATION_CONNECTION=@@COLLATION_CONNECTION */;
/*!40101 SET NAMES utf8mb4 */;

--
-- 数据库： `laravel`
--

-- --------------------------------------------------------

--
-- 表的结构 `article`
--

DROP TABLE IF EXISTS `article`;
CREATE TABLE IF NOT EXISTS `article` (
  `id` int(10) UNSIGNED NOT NULL AUTO_INCREMENT,
  `article_name` varchar(100) COLLATE utf8mb4_unicode_ci NOT NULL,
  `author_id` tinyint(4) NOT NULL,
  PRIMARY KEY (`id`)
) ENGINE=MyISAM AUTO_INCREMENT=6 DEFAULT CHARSET=utf8mb4 COLLATE=utf8mb4_unicode_ci;

--
-- 转存表中的数据 `article`
--

INSERT INTO `article` (`id`, `article_name`, `author_id`) VALUES
(1, '使用一個名稱', 1),
(2, '使用得到一個名稱', 2),
(3, '使用方法一個名稱', 3),
(4, '使用灌灌一個名稱', 2),
(5, '使用一個名水水稱', 3);

-- --------------------------------------------------------

--
-- 表的结构 `author`
--

DROP TABLE IF EXISTS `author`;
CREATE TABLE IF NOT EXISTS `author` (
  `id` int(10) UNSIGNED NOT NULL AUTO_INCREMENT,
  `author_name` varchar(20) COLLATE utf8mb4_unicode_ci NOT NULL,
  PRIMARY KEY (`id`)
) ENGINE=MyISAM AUTO_INCREMENT=5 DEFAULT CHARSET=utf8mb4 COLLATE=utf8mb4_unicode_ci;

--
-- 转存表中的数据 `author`
--

INSERT INTO `author` (`id`, `author_name`) VALUES
(1, '人民网'),
(2, '百合网'),
(3, '新华网'),
(4, '十虎网');

-- --------------------------------------------------------

--
-- 表的结构 `comment`
--

DROP TABLE IF EXISTS `comment`;
CREATE TABLE IF NOT EXISTS `comment` (
  `id` int(10) UNSIGNED NOT NULL AUTO_INCREMENT,
  `comment` varchar(255) COLLATE utf8mb4_unicode_ci NOT NULL,
  `article_id` tinyint(4) NOT NULL,
  PRIMARY KEY (`id`)
) ENGINE=MyISAM AUTO_INCREMENT=6 DEFAULT CHARSET=utf8mb4 COLLATE=utf8mb4_unicode_ci;

--
-- 转存表中的数据 `comment`
--

INSERT INTO `comment` (`id`, `comment`, `article_id`) VALUES
(1, '哈哈哈', 1),
(2, '解放军奥利弗就', 5),
(3, '离开过啦', 4),
(4, '有个哈萨克', 4),
(5, '小两口攻击力看来', 2);

-- --------------------------------------------------------

--
-- 表的结构 `faq_category`
--

DROP TABLE IF EXISTS `faq_category`;
CREATE TABLE IF NOT EXISTS `faq_category` (
  `id` int(11) NOT NULL AUTO_INCREMENT,
  `faq_category_name` varchar(50) CHARACTER SET utf8mb4 DEFAULT NULL,
  `faq_category_logo` varchar(200) CHARACTER SET utf8mb4 DEFAULT NULL,
  `sequence` int(11) NOT NULL,
  `is_delete` int(11) DEFAULT '0' COMMENT '是否删除',
  `create_time` timestamp NULL DEFAULT CURRENT_TIMESTAMP COMMENT '创建时间',
  `update_time` timestamp NULL DEFAULT CURRENT_TIMESTAMP COMMENT '更新时间',
  `is_staff` int(11) DEFAULT '0' COMMENT '栏目仅对员工可见 0:否，1:是',
  PRIMARY KEY (`id`) USING BTREE
) ENGINE=InnoDB AUTO_INCREMENT=14 DEFAULT CHARSET=utf8mb4 COLLATE=utf8mb4_unicode_ci COMMENT='FAQ分类表' ROW_FORMAT=COMPACT;

--
-- 转存表中的数据 `faq_category`
--

INSERT INTO `faq_category` (`id`, `faq_category_name`, `faq_category_logo`, `sequence`, `is_delete`, `create_time`, `update_time`, `is_staff`) VALUES
(1, '订单支付', NULL, 2, 0, '2017-09-04 07:01:32', '2017-09-04 07:01:32', 0),
(2, '问卷填写', NULL, 4, 0, '2017-09-04 07:02:04', '2017-09-04 07:02:04', 0),
(3, '合同签订', NULL, 5, 0, '2017-09-04 07:02:18', '2017-09-04 07:02:18', 0),
(4, '服务开通', NULL, 6, 0, '2017-09-04 07:02:34', '2017-09-04 07:02:34', 0),
(5, '消息推送', NULL, 7, 0, '2017-09-05 09:08:38', '2017-09-05 09:08:38', 0),
(6, '系统设置', NULL, 8, 0, '2017-09-05 09:08:45', '2017-09-05 09:08:45', 0),
(7, '手机验证', NULL, 3, 0, '2018-06-12 07:19:21', '2018-06-12 07:19:21', 0),
(8, '流程说明', NULL, 1, 0, '2018-06-12 07:20:36', '2018-06-12 07:20:36', 0),
(9, '猜你想问', NULL, 0, 0, '2018-06-25 06:03:40', '2018-06-25 06:03:40', 0),
(10, '保单问题', NULL, 0, 0, '2018-06-25 06:07:56', '2018-06-25 06:07:56', 0),
(11, '开户问题', '', 2, 0, '2018-10-30 03:13:24', '2018-10-30 03:13:24', 0),
(12, '出入金问题', '', 1, 0, '2018-10-30 03:13:24', '2018-10-30 03:13:24', 0),
(13, '内部培训', '', 9, 0, '2019-01-07 06:39:04', '2019-01-07 06:39:04', 1);

-- --------------------------------------------------------

--
-- 表的结构 `faq_productline_to_category`
--

DROP TABLE IF EXISTS `faq_productline_to_category`;
CREATE TABLE IF NOT EXISTS `faq_productline_to_category` (
  `id` int(11) NOT NULL AUTO_INCREMENT,
  `product_line_id` int(11) NOT NULL,
  `category_id` int(11) NOT NULL,
  `active` int(11) NOT NULL DEFAULT '1',
  `created_at` timestamp NOT NULL DEFAULT CURRENT_TIMESTAMP,
  `updated_at` timestamp NOT NULL DEFAULT CURRENT_TIMESTAMP,
  PRIMARY KEY (`id`) USING BTREE
) ENGINE=InnoDB AUTO_INCREMENT=20 DEFAULT CHARSET=utf8 ROW_FORMAT=COMPACT;

--
-- 转存表中的数据 `faq_productline_to_category`
--

INSERT INTO `faq_productline_to_category` (`id`, `product_line_id`, `category_id`, `active`, `created_at`, `updated_at`) VALUES
(1, 1, 1, 1, '2018-03-15 00:16:04', '2018-03-15 00:16:04'),
(2, 1, 2, 1, '2018-03-15 00:16:11', '2018-03-15 00:16:11'),
(3, 1, 3, 1, '2018-03-15 00:16:15', '2018-03-15 00:16:15'),
(4, 1, 4, 1, '2018-03-15 00:16:19', '2018-03-15 00:16:19'),
(5, 1, 5, 1, '2018-03-15 00:16:23', '2018-03-15 00:16:23'),
(6, 1, 6, 1, '2018-03-15 00:16:27', '2018-03-15 00:16:27'),
(7, 2, 2, 1, '2018-03-15 00:16:37', '2018-03-15 00:16:37'),
(8, 2, 3, 1, '2018-03-15 00:16:41', '2018-03-15 00:16:41'),
(9, 2, 4, 1, '2018-03-15 00:16:44', '2018-03-15 00:16:44'),
(10, 2, 5, 1, '2018-03-15 00:16:47', '2018-03-15 00:16:47'),
(11, 2, 6, 1, '2018-03-15 00:16:50', '2018-03-15 00:16:50'),
(12, 1, 7, 1, '2018-06-13 02:31:40', '2018-06-13 02:31:40'),
(13, 1, 8, 1, '2018-06-13 02:31:54', '2018-06-13 02:31:54'),
(14, 3, 9, 1, '2018-06-25 06:15:51', '2018-06-25 06:15:51'),
(15, 3, 10, 1, '2018-06-25 06:15:58', '2018-06-25 06:15:58'),
(16, 4, 11, 1, '2018-10-30 03:13:24', '2018-10-30 03:13:24'),
(17, 4, 12, 1, '2018-10-30 03:13:25', '2018-10-30 03:13:25'),
(18, 1, 14, 1, '2019-01-07 06:39:04', '2019-01-07 06:39:04'),
(19, 2, 14, 1, '2019-01-07 06:39:04', '2019-01-07 06:39:04');

-- --------------------------------------------------------

--
-- 表的结构 `faq_product_line`
--

DROP TABLE IF EXISTS `faq_product_line`;
CREATE TABLE IF NOT EXISTS `faq_product_line` (
  `id` int(11) NOT NULL AUTO_INCREMENT,
  `product_line_name` varchar(100) CHARACTER SET utf8mb4 NOT NULL,
  `active` int(11) NOT NULL DEFAULT '1',
  `created_at` timestamp NOT NULL DEFAULT CURRENT_TIMESTAMP,
  `updated_at` timestamp NOT NULL DEFAULT CURRENT_TIMESTAMP,
  PRIMARY KEY (`id`) USING BTREE
) ENGINE=InnoDB AUTO_INCREMENT=5 DEFAULT CHARSET=utf8 ROW_FORMAT=COMPACT;

--
-- 转存表中的数据 `faq_product_line`
--

INSERT INTO `faq_product_line` (`id`, `product_line_name`, `active`, `created_at`, `updated_at`) VALUES
(1, 'touguyewu', 1, '2018-03-14 16:00:46', '2018-03-14 16:00:46'),
(2, 'yongjinyewu', 1, '2018-03-14 16:00:58', '2018-03-14 16:00:58'),
(3, '保险', 1, '2018-06-25 06:12:04', '2018-06-25 06:12:04'),
(4, '瑞丰证券', 1, '2018-10-30 03:13:24', '2018-10-30 03:13:24');

-- --------------------------------------------------------

--
-- 表的结构 `faq_question`
--

DROP TABLE IF EXISTS `faq_question`;
CREATE TABLE IF NOT EXISTS `faq_question` (
  `id` int(11) NOT NULL AUTO_INCREMENT,
  `questions` varchar(100) CHARACTER SET utf8mb4 DEFAULT NULL,
  `answers` longtext COMMENT '答案',
  `is_display` int(11) DEFAULT '0' COMMENT '是否显示 0:不显示,1:显示',
  `is_top` int(11) DEFAULT '0' COMMENT '是否置顶 0:不置顶, 1:置顶',
  `viewtimes` int(11) DEFAULT '0' COMMENT '查看次数',
  `resolvetimes` int(11) DEFAULT '0' COMMENT '已经解决次数',
  `unresolvetimes` int(11) DEFAULT '0' COMMENT '未解决次数',
  `faq_category_id` int(11) NOT NULL COMMENT '问题分类',
  `is_user` int(11) DEFAULT '0' COMMENT '是否仅员工可见 0:不是,1:是',
  `is_delete` int(11) DEFAULT '0' COMMENT '是否删除',
  `create_time` timestamp NOT NULL DEFAULT CURRENT_TIMESTAMP COMMENT '创建时间',
  `update_time` timestamp NOT NULL DEFAULT CURRENT_TIMESTAMP COMMENT '更新时间',
  `product_line` varchar(100) CHARACTER SET utf8mb4 NOT NULL,
  PRIMARY KEY (`id`) USING BTREE
) ENGINE=InnoDB AUTO_INCREMENT=110 DEFAULT CHARSET=utf8 COMMENT='FAQ问题表' ROW_FORMAT=COMPACT;

--
-- 转存表中的数据 `faq_question`
--

INSERT INTO `faq_question` (`id`, `questions`, `answers`, `is_display`, `is_top`, `viewtimes`, `resolvetimes`, `unresolvetimes`, `faq_category_id`, `is_user`, `is_delete`, `create_time`, `update_time`, `product_line`) VALUES
(11, '创建订单流程\n', '\n\n                                <p><img src=\"/files/upload/201710/pofolio_59ddd40902902.png\" alt=\"\" style=\"max-width:100%;\"></p><p>视频演示地址：</p><p></p><p><a href=\"https://v.qq.com/x/page/z0547sbncf2.html\" target=\"_blank\">https://v.qq.com/x/page/z0547sbncf2.html</a></p><p><br></p>', 1, 0, 191, 7, 0, 1, 1, 0, '2017-09-06 09:58:57', '2017-09-06 09:58:57', '2'),
(12, '客户登录问卷系统时提示“用户不存在”，这种情况如何处理？', '\n\n                                <p>将此情况与客户正确信息反馈给客服部，客服部修改好客户信息后，客户即可正常登入系统。</p><p><br></p>', 1, 0, 30, 3, 0, 2, 1, 0, '2017-09-06 10:08:36', '2017-09-06 10:08:36', '2'),
(13, '客户手机号码是国外的，登录问卷系统时无法获取短信验证码，这种情况如何处理？', '<p>将此情况与客户正常使用中的国内手机号码反馈给客服部，客服部修改好客户信息后，客户使用该国内手机号即可正常登入系统。后续电子合同的签订和企业微信的开户验证也需要使用该国内手机号码，如果客户不能提供国内的手机号码则需要改走原先人工签约和开通的流程。</p><p><br></p>', 1, 0, 19, 0, 0, 2, 1, 0, '2017-09-06 10:54:00', '2017-09-06 10:54:00', '2'),
(14, '使用订单系统支付的客户，还需要单独给他发送问卷系统填写的地址吗？', '<p>不需要。客户每次进入订单（进入入口如图），按步骤在里面走就可以了，有机会进行问卷填写或选择的。</p><p><img src=\"/files/upload/201709/pofolio_59afd96229830.jpeg\" alt=\"\" style=\"max-width: 100%;\"></p><p><br></p>', 1, 0, 18, 0, 0, 2, 1, 0, '2017-09-06 10:54:34', '2017-09-06 10:54:34', '2'),
(15, '订单支付流程', '<p><img src=\"/files/upload/201710/pofolio_59ddd44743d12.png\" alt=\"\" style=\"max-width:100%;\"></p><p>三种支付情况的说明及具体操作步骤视频演示地址：</p><p>1、整单支付视频：</p><p><a href=\"https://v.qq.com/x/page/y0547utwzcx.html\" target=\"_blank\">https://v.qq.com/x/page/y0547utwzcx.html</a></p><p>2、拆单支付：</p><p><a href=\"https://v.qq.com/x/page/g055288h2ke.html\" target=\"_blank\">https://v.qq.com/x/page/g055288h2ke.html</a></p><p>3、录入查帐信息：</p><p></p><p><a href=\"https://v.qq.com/x/page/z0542m6pesm.html\" target=\"_blank\">https://v.qq.com/x/page/z0542m6pesm.html</a></p><p><br></p>', 1, 0, 90, 2, 0, 1, 1, 0, '2017-09-06 11:00:21', '2017-09-06 11:00:21', '2'),
(16, '新建订单时，系统提示“客户姓名与系统记录不一致”，这种情况如何处理？\n', '<p>您需要先检查所填客户姓名与电话号码是否正确；检查无误后，在纷享销客上找到合规部的同事，让他帮忙修改你的客户信息，修改好后，即可正常新建订单。</p><p><br></p>', 1, 0, 324, 12, 3, 1, 1, 0, '2017-09-06 11:01:41', '2017-09-06 11:01:41', '2'),
(17, '提交订单时，系统提示“读取员工信息错误：员工数据匹配失败”，这种情况如何处理？\n', '<p>在纷享销客上找到合规部的同事，让他帮忙修改你的员工信息，修改好后，重新提交订单即可 。</p><p><br></p>', 1, 0, 144, 3, 1, 1, 1, 0, '2017-09-06 11:02:22', '2017-09-06 11:02:22', '2'),
(18, '可以使用信用卡进行支付吗？\n', '<p>可以的。系统中任何一种支付方式（如图）都支持信用卡支付， 您只需要确保信用卡与您选择的支付方式已经绑定了即可。</p><p><img src=\"/files/upload/201709/pofolio_59afd695d2f0d.png\" alt=\"\" style=\"max-width:100%;\" class=\"clicked\"></p><p><br></p>', 1, 0, 210, 15, 0, 1, 0, 0, '2017-09-06 11:06:25', '2017-09-06 11:06:25', '2'),
(19, '可以同时使用几张银行卡或信用卡一起进行支付吗？\n', '<p>可以的。您需要在支付时选择“拆单支付”方式（如图），分多笔进行支付（每笔支付的金额大小可自定义），每次支付都使用不同的卡支付即可。</p><p><img src=\"/files/upload/201709/pofolio_59afd7d3b482e.png\" alt=\"\" style=\"max-width:100%;\"></p><p><br></p>', 1, 0, 70, 7, 1, 1, 0, 0, '2017-09-06 11:11:32', '2017-09-06 11:11:32', '2'),
(20, '使用支付宝支付时，订单系统总是提示“用浏览器打开“，频繁切换很麻烦，是否有简便操作？\n', '<p>您可以使用电脑版微信进入订单系统的支付页面，选择支付宝方式支付，用手机支付宝扫描屏幕上的二维码（如图）支付即可。</p><p><img src=\"/files/upload/201709/pofolio_59b2519e43fcd.png\" alt=\"\" style=\"max-width:100%;\"></p><p><br></p><p><br></p>', 1, 0, 53, 7, 0, 1, 0, 0, '2017-09-06 11:12:54', '2017-09-06 11:12:54', '2'),
(21, '进行整单支付时，提示“已超出银行单笔支付限额”，这种情况如何处理？\n', '<p>您需要改成“拆单支付”方式（如图），分多笔进行支付（注意每笔支付的金额大小不要超过银行限额）。</p><p><img src=\"/files/upload/201709/pofolio_59afd88aa2550.png\" alt=\"\" style=\"max-width:100%;\"></p><p><br></p>', 1, 0, 51, 5, 0, 1, 0, 1, '2017-09-06 11:13:34', '2017-09-06 11:13:34', '2'),
(22, '进行支付时，提示“已超出银行单笔／当日／当月支付限额”，这种情况如何处理？\n', '<p><b>超出银行单笔限额：</b></p><p>您需要改成“拆单支付”方式，分多笔进行支付（注意每笔支付的金额大小不要超过银行单笔限额）。</p><p><b>超出银行当日限额：</b></p><p><b>方案一：</b>使用不同的银行卡支付</p><p><img src=\"/files/upload/201710/pofolio_59dd8e01a34d9.png\" alt=\"\" style=\"max-width:100%;\"></p><p><b>方案二：</b>不同的支付方式支付</p><p>如微信支付一部分，支付宝支付一部分</p><p><b>方案三：</b>剩余待支付金额进行系统外转账，转账后将转账凭证发送给业务助理，由他帮您填写查帐信息</p><p><b>方案四：</b>剩余待支付金额等到转天再支付</p><p><b>超出银行当月限额：</b></p><p></p><p>参照“超出银行当日限额”方案一、二、三</p><p><br></p>', 1, 0, 86, 7, 0, 1, 0, 0, '2017-09-06 11:16:07', '2017-09-06 11:16:07', '2'),
(23, '无法在系统中进行线上支付，有无其他方法进行支付呢？', '<p>首先，您可以在系统中查看我司收款账号（查看入口如图），</p><p><img src=\"/files/upload/201709/pofolio_59afd9d3cc617.png\" alt=\"\" style=\"max-width:100%;\"></p><p>然后，您需自行在我司订单系统外转账，</p><p>最后，转账后直接点击“我已完成转账，自行填写查账信息”完成转账凭证登记（登记入口如图）</p><p><img src=\"/files/upload/201709/pofolio_59afd9fb43b32.png\" alt=\"\" style=\"max-width:100%;\"></p><p><br></p>', 1, 0, 70, 5, 0, 1, 0, 0, '2017-09-06 11:20:36', '2017-09-06 11:20:36', '2'),
(24, '从订单系统进入问卷系统时，发现里面有几份之前做过的问卷，那么还需要重新填写新问卷吗？', '<p>不需要。您只需在之前做过的这几份问卷中选择提交一份最符合您真实情况的问卷即可。</p><p><br></p>', 1, 0, 169, 56, 11, 2, 0, 0, '2017-09-06 11:21:30', '2017-09-06 11:21:30', '2'),
(25, '已经在我司订单系统外转了账，能否让别人代替我登记查账信息呢？\n', '<p>可以的。您需要将您打款的凭证发送给业务助理，由他帮您填写查帐信息。</p><p><img src=\"/files/upload/201709/pofolio_59afda5c4b483.png\" alt=\"\" style=\"max-width:100%;\"></p><p><br></p>', 1, 0, 115, 8, 0, 1, 0, 0, '2017-09-06 11:22:11', '2017-09-06 11:22:11', '2'),
(26, '从订单系统进入问卷系统时，发现可选择的问卷少于真实做过的问卷数，这是什么情况？', '<p>每个问卷从您填写之日起都有3个月的有效期，超过3个月的问卷就自动失效，您不可以再使用了。</p><p><br></p>', 1, 0, 92, 41, 6, 2, 0, 0, '2017-09-06 11:22:14', '2017-09-06 11:22:14', '2'),
(27, '从订单系统进入问卷系统时，发现系统提示“已匹配到您填写的问卷“，不用登录问卷系统了，这是什么情况？', '<p>如果您之前使用订单系统顺利开通过服务，那么这次您再次使用订单时，系统就自动为您匹配到您上次使用的问卷， 不用担心。</p><p><br></p>', 1, 0, 87, 42, 13, 2, 0, 0, '2017-09-06 11:24:16', '2017-09-06 11:24:16', '2'),
(28, '已经在系统中登记了查帐信息，之后应该做什么？\n', '<p>您需要在订单系统中继续填写或选择《投资者风险承受能力》问卷，提交后等待您的业务助理通知您签订合同，您需要继续进入订单系统中完成后续操作。</p><p><br></p>', 1, 0, 48, 5, 0, 1, 0, 0, '2017-09-06 11:25:11', '2017-09-06 11:25:11', '2'),
(29, '使用订单系统支付的客户，还需要单独给他发送合同系统签订的地址吗？', '<p>不需要。客户每次进入订单（进入入口如图），按步骤在里面走就可以了，有机会进行合同签订的。</p><p><img src=\"/files/upload/201709/pofolio_59afdb69e2adc.png\" alt=\"\" style=\"max-width:100%;\"></p><p><img src=\"file:///C:\\Users\\ADMINI~1\\AppData\\Local\\Temp\\ksohtml\\wps3767.tmp.jpg\"></p><p><br></p>', 1, 0, 26, 0, 0, 3, 1, 0, '2017-09-06 11:27:11', '2017-09-06 11:27:11', '2'),
(30, '订单状态显示“去更正查帐信息”，这种情况如何处理？\n', '<p>这种情况是表明您提交的查帐信息有误，您需要点击进入订单详情，会看到出问题的一条或几条查帐信息（如图），仔细核对修改信息后，重新提交，等待我司财务再次核实。</p><p><img src=\"/files/upload/201709/pofolio_59afdb8982e6c.png\" alt=\"\" style=\"max-width:100%;\"></p><p><br></p>', 1, 0, 30, 5, 0, 1, 0, 0, '2017-09-06 11:27:16', '2017-09-06 11:27:16', '2'),
(31, '“我的合同”栏目下收到“客户委托帮助填写查帐信息”通知或订单显示“去录入转帐信息”，我应该做什么？\n', '<p>与客户确认他是否已经在系统外做了转账</p><p>是： 找客户索要转账凭证，在系统中代客户填写查帐信息，提交，等待财务查帐</p><p>否： 询问客户是否愿意转为线上支付，客户同意后重新制作订单，让客户重新选择支付方式</p><p><br></p>', 1, 0, 21, 0, 0, 1, 1, 0, '2017-09-06 11:28:40', '2017-09-06 11:28:40', '2'),
(32, '客户登录合同系统时提示“用户不存在”，这种情况如何处理？', '<p>将此情况与客户正确信息反馈给客服部，客服部修改好客户信息后，客户即可正常登入系统。</p><p><br></p>', 1, 0, 38, 3, 0, 3, 1, 0, '2017-09-06 11:28:41', '2017-09-06 11:28:41', '2'),
(33, '从订单系统中进入合同系统时，系统提示“推送客户信息错误：客户信息注册失败”，这种情况如何处理？ ', '<p>在纷享销客上找到合规部的同事，让他帮忙修改你的员工信息，修改好后，让客户重新进入订单即可正常签订合同。</p><p><br></p>', 1, 0, 27, 0, 0, 3, 1, 0, '2017-09-06 11:28:41', '2017-09-06 11:28:41', '2'),
(34, '“我的合同”栏目下收到“转账核实成功”通知，我应该做什么？\n', '<p>尽快通知客户再次进入订单系统去签订电子合同，完成后续流程</p><p><br></p>', 1, 0, 16, 0, 0, 1, 1, 0, '2017-09-06 11:29:23', '2017-09-06 11:29:23', '2'),
(35, '实名认证时，因为客户的身份特殊（可能是外国人、身份证号码特殊等）不予通过，这种情况如何处理？', '<p>此情况需要告知客户，只能走线下人工签约和开通服务的流程。</p><p><br></p>', 1, 0, 63, 1, 0, 3, 1, 0, '2017-09-06 11:29:30', '2017-09-06 11:29:30', '2'),
(36, '登入合同系统时，在“未签合同”列表中找不到要签的合同，这种情况如何处理？', '<p>将此情况与客户正确信息反馈给客服部，客服部修改好客户信息后，客户即可看到待签署合同。</p><p><br></p>', 1, 0, 20, 0, 0, 3, 1, 0, '2017-09-06 11:29:31', '2017-09-06 11:29:31', '2'),
(37, '“我的合同”栏目下收到“转账信息有错误，请去更正查帐信息”通知，我应该做什么？\n', '<p>尽快通知客户仔细核对被退回来的那条转账登记记录，修改后重新提交，等待财务再次查帐</p><p><br></p>', 1, 0, 17, 0, 0, 1, 1, 0, '2017-09-06 11:30:20', '2017-09-06 11:30:20', '2'),
(38, '扫码进入企业号后，只能看到“客服盈盈”1个栏目，这种情况如何处理？\n', '<p>您需要点击进入“客服盈盈”栏目发送的“关注身份验证”消息进行身份验证，验证时务必输入当时登录问卷系统和签订合同使用的手机号，验证成功后即可看到所有栏目。若您没有收到验证消息，您需要重新关注企业号，关注后即可正常获取验证消息。</p><p><br></p>', 1, 0, 210, 19, 14, 4, 0, 0, '2017-09-06 11:33:51', '2017-09-06 11:33:51', '2'),
(39, '身份验证时提示“该手机号不存在于企业通讯录中”，这种情况如何处理？\n', '<p>请输入您当时登录问卷系统和签订合同使用的手机号进行身份验证。</p><p><br></p>', 1, 0, 152, 17, 18, 4, 0, 0, '2017-09-06 11:35:24', '2017-09-06 11:35:24', '2'),
(40, '客户进行身份验证时提示“该手机号已被验证”，这种情况如何处理？\n', '<p>这表明系统已经有其他微信号用这个手机号码绑定关注了，需要请客户检查是否已经曾经用了另一个微信完成了企业号关注，有则需要改用那个微信；否则将此情况与客户正确信息反馈给客服部，客服部修改好客户信息后，客户即可正常完成身份验证。</p><p><br></p>', 1, 0, 10, 0, 0, 4, 1, 0, '2017-09-06 11:36:09', '2017-09-06 11:36:09', '2'),
(41, '身份验证时提示“查询账号超过频率限制”，这种情况如何处理？\n', '<p>这说明腾讯公司企业微信系统可能存在数据同步延时问题，请您耐心等待，转天重新尝试验证；若反复尝试后还是出问题，您可以改用邮箱验证的方式进行验证。&nbsp;</p><p><br></p>', 1, 0, 56, 14, 0, 4, 0, 0, '2017-09-06 11:37:17', '2017-09-06 11:37:17', '2'),
(42, '成功关注企业号后，能看到的栏目不全，这种情况如何处理？\n', '<p>这说明腾讯公司企业微信系统可能存在数据同步延时问题，请您耐心等待一段时间后，从微信通讯录入口进入查看；若还是加载不全，请您尝试重新关注企业号进行查看。</p><p><img src=\"/files/upload/201709/pofolio_59c0741abdfcb.jpg\" alt=\"webwxgetmsgimg\" style=\"max-width:100%;\"></p><p><br></p>', 1, 0, 219, 23, 2, 4, 0, 0, '2017-09-06 11:37:56', '2017-09-06 11:37:56', '2'),
(43, '重新关注企业号后，从通讯录入口进入查看，能看到的栏目还是不全，这种情况如何处理？\n', '<p>这说明微信系统延时问题还是存在，请您再耐心等待一段时间，从微信通讯录入口进入再次查看；若再次查看后还是显示不全，请将此情况反馈给业务助理。<img src=\"/files/upload/201709/pofolio_59c0734e18450.jpg\" alt=\"webwxgetmsgimg\" style=\"max-width: 100%;\"></p><p><br></p>', 1, 0, 86, 16, 3, 4, 0, 0, '2017-09-06 11:38:24', '2017-09-06 11:38:24', '2'),
(44, '客户从通讯录入口进行查看时，能看到的栏目还是不全，这种情况如何处理？\n', '<p>将此情况与客户信息反馈给客服部，让客服部查询客户权限是否正确；</p><p>若权限正确，让客服部尝试重建客户账号。</p><p><br></p>', 1, 0, 62, 1, 0, 4, 1, 0, '2017-09-06 11:39:12', '2017-09-06 11:39:12', '2'),
(45, '如何续费或升级服务？\n', '<p>若您想续费或者升级服务，您联系您的业务助理；若您已丢失业务员的联系方式，请及时联系“客服盈盈”栏目。</p><p><br></p>', 1, 0, 132, 14, 2, 4, 0, 0, '2017-09-06 11:39:41', '2017-09-06 11:39:41', '2'),
(46, '在合同签章页面点击获取验证码无反应，这种情况如何处理？', '<p>此情况可能是网络原因导致的页面加载不完全，建议您使用电脑版微信进入该页面尝试。注意不要一直重复点击获取验证码，否则会导致手机信息被防骚扰拦截，这种情况您需要检查自己手机的垃圾信箱或360拦截等工具中是否有验证短信。</p><p><br></p><p><br></p>', 1, 0, 322, 43, 47, 3, 0, 0, '2017-09-06 11:40:04', '2017-09-06 11:40:04', '2'),
(47, '为什么关注后看不到各栏目的历史消息？\n', '<p>历史记录中收录的是从您关注当天到现在的累积消息，在您关注之前的消息推送，您是无法阅读的，请耐心等待后续每日的内容推送。</p><p><br></p>', 1, 0, 89, 19, 5, 5, 0, 0, '2017-09-06 11:55:57', '2017-09-06 11:55:57', '2'),
(48, '进入某个栏目时，提示“未开通此服务”，这种情况如何处理？\n', '<p>您需要联系您的业务助理，申请开通此权限。开通后您重新刷新下页面，就可以看到服务内容了。</p><p><br></p>', 1, 0, 67, 14, 4, 5, 0, 0, '2017-09-06 11:56:31', '2017-09-06 11:56:31', '2'),
(49, '为什么关注企业号后一直没有收到过消息？\n', '<p><b>原因一：</b>您需要确保您“接收应用消息”的选项按钮是开启的，可在企业号栏目消息列表中右上角的设置中查看。</p><p><img src=\"/files/upload/201709/pofolio_59afe2ff94ce3.png\" alt=\"\" style=\"max-width:100%;\"></p><p><img src=\"/files/upload/201709/pofolio_59afe340f2d1d.png\" alt=\"\" style=\"max-width:100%;\"></p><p>如果某个栏目没有接收到消息，也可以进入该栏目右上角栏目详情中查看，以“学战法”为例：</p><p><img src=\"/files/upload/201709/pofolio_59afe3ac126c9.png\" alt=\"\" style=\"max-width:100%;\"></p><p><img src=\"/files/upload/201709/pofolio_59afe3cd9fd35.png\" alt=\"\" style=\"max-width:100%;\"></p><p></p><p><b>原因二</b>：可能是您之前下载过企业微信app，在其设置中开启了“仅在企业微信中接收消息“的按钮。此按钮开启后，微信将不再接收消息，需要将此按钮关闭。</p><p><img src=\"/files/upload/201710/pofolio_59ddb65bdc8d3.png\" alt=\"\" style=\"max-width:100%;\"></p><p><br></p>', 1, 0, 130, 15, 0, 5, 0, 0, '2017-09-06 12:00:36', '2017-09-06 12:00:36', '2'),
(50, '为什么之前能收到消息，但是最近一条也收不到了？\n', '<p>可能是您的服务到期了，您可以进入“自助服务”栏目找到您当时的订单或者合同，查询到您所购买服务的结束时间；若您想续费或者升级服务，您联系您的业务助理；若您已丢失业务员的联系方式，请及时联系“客服盈盈”栏目。</p><p><br></p>', 1, 0, 43, 12, 2, 5, 0, 0, '2017-09-06 12:03:22', '2017-09-06 12:03:22', '2'),
(51, '为什么进入栏目后，显示白屏（空白会话、无菜单、无内容）？\n', '<p>首先，您需要退出微信重新登录；</p><p>重新登录后查看还是白屏，您可以尝试登录电脑版微信进行查看；</p><p>若电脑版查看显示正常，说明微信数据有延迟，您需要稍等半天再进入手机查看；若半天后用手机查看还是白屏，您需要先取消关注企业号，再重新关注查看；</p><p>若电脑版查看显示也不正常，您需要先取消关注企业号，在重新关注查看；</p><p>若重新关注后还是有问题，请将此情况反馈给您的业务助理。</p><p><br></p>', 1, 0, 45, 16, 2, 5, 0, 0, '2017-09-06 12:04:27', '2017-09-06 12:04:27', '2'),
(52, '客户反馈进入栏目后，显示白屏（空白会话、无菜单、无内容），这种情况如何处理？\n', '<p>先确认客户是否按上一问题的步骤检查确认完毕，确认后将此情况与客户信息反馈给客服部，让客服部重新给客户开户。</p><p><br></p>', 1, 0, 7, 0, 0, 5, 1, 0, '2017-09-06 12:05:02', '2017-09-06 12:05:02', '2'),
(53, '视频课程无法播放，这种情况如何处理？\n', '<p>首先您需要确认您所在的网络是否正常，可以切换网络试试；</p><p>网络没有问题的情况下，您可以使用电脑版微信登录查看；</p><p>如果依然查看不了，请将此情况反馈给您的业务助理。</p><p><br></p>', 1, 0, 103, 19, 4, 5, 0, 0, '2017-09-06 12:05:36', '2017-09-06 12:05:36', '2'),
(54, '客户反馈视频课程无法播放，这种情况如何处理？\n', '<p>先确认客户是否按上一问题的步骤检查确认完毕，确认后将此情况与客户信息反馈给客服部，检查客户权限是否出现问题。</p><p><br></p>', 1, 0, 50, 3, 2, 5, 1, 0, '2017-09-06 12:06:06', '2017-09-06 12:06:06', '2'),
(55, '能不能一打开微信就能看到企业号？', '<p>在企业号栏目消息列表中右上角的设置中即可指定企业号。</p><p><img src=\"/files/upload/201709/pofolio_59afe5272450b.png\" alt=\"\" style=\"max-width:100%;\"></p><p><img src=\"/files/upload/201709/pofolio_59b0e2e6f3e07.png\" alt=\"\" style=\"max-width:100%;\"></p><p><img src=\"/files/upload/201709/pofolio_59afe55de5e16.jpeg\" alt=\"\" style=\"max-width:100%;\"></p><p><br></p>', 1, 0, 117, 21, 2, 6, 0, 0, '2017-09-06 12:09:26', '2017-09-06 12:09:26', '2'),
(56, '能不能不打开微信也能看到企业号？', '<p>在企业号设置页面中点击右上角弹出的弹框中可选择添加到桌面（目前仅限于android系统手机）。</p><p><img src=\"/files/upload/201709/pofolio_59afe61cba269.png\" alt=\"\" style=\"max-width:100%;\"></p><p><img src=\"/files/upload/201709/pofolio_59afe631f31e2.png\" alt=\"\" style=\"max-width:100%;\"></p><p><img src=\"/files/upload/201709/pofolio_59afe65664cc0.png\" alt=\"\" style=\"max-width:100%;\"></p><p><img src=\"/files/upload/201709/pofolio_59afe66a4bd3b.png\" alt=\"\" style=\"max-width:100%;\"></p><p>若设置后仍无法看到图标，可尝试以下设置方式解决：</p><p>进入手机“安全中心”或“设置”应用 → “授权管理”→ “应用权限管理”→ “微信”→ “桌面快捷方式”→选择“允许”</p><p><br></p>', 1, 0, 83, 14, 0, 6, 0, 0, '2017-09-06 12:13:52', '2017-09-06 12:13:52', '2'),
(57, '在订单系统中因故退出了微信页面，这种情况如何处理？', '<p>您不用担心。您上一次从哪个页面退出的，下一次在进入时系统会自动定位到那个页面，您继续完成接下来的操作即可。</p>', 1, 0, 34, 6, 0, 1, 0, 0, '2017-09-08 08:06:10', '2017-09-08 08:06:10', '2'),
(58, '拆单支付中遇到“您没有权限操作该订单”时的解决办法。', '<p><img src=\"/files/upload/201709/pofolio_59bb684776058.png\" alt=\"\" style=\"max-width:100%;\"></p><p>需要用原来确认订单那个微信号去处理。例如你分享给A微信号，A确认后，这个订单就归属给A了 ，其他人就不能操作了。这种情况，你只能让原微信号A操作，或者重新创建一个新单给B操作。老的单子可以删除。</p><p><br></p>', 1, 0, 25, 4, 0, 1, 0, 0, '2017-09-15 05:44:29', '2017-09-15 05:44:29', '2'),
(59, '客户已经开通看高手权限但是进不去或者是没有收到消息？', '<p>出现这种问题分两种情况：</p><p>1、客户开通服务之后，高手群里面本来就没有发送过消息，所以客户看不到；</p><p>2、可以是客户权限的问题需要刷新权限就可以。退出之后系统会自动重新登录刷新权限，如下图的操作：</p><p><img src=\"/files/upload/201709/pofolio_59cb3d2ab7a37.png\" alt=\"\" style=\"max-width:100%;\"></p><p><br></p>', 1, 0, 40, 0, 0, 4, 0, 0, '2017-09-27 05:55:47', '2017-09-27 05:55:47', '2'),
(60, '企业微信中看高手群，怎么设置桌面提醒以及提示音？', '现在已经不支持桌面提醒。', 1, 0, 30, 3, 2, 6, 0, 0, '2017-09-27 06:13:13', '2017-09-27 06:13:13', '2'),
(61, '线上订单支付以及线上支付与线下转账支付混合的问题', '<p>正常的场景流程有以下三种：</p><p>1.&nbsp;全部走订单系统支付；这个时候如果没有一笔支付成功，可以重新选择支付方式；</p><p>2.&nbsp;全部通过订单系统录入查账；这个时候把查账记录全部删除后，可以重新选择支付方式；</p><p>3.&nbsp;一部分通过订单系统支付，一部分用订单系统录入查账；这种情况是先在订单系统支付，发现额度不够了，转为手动转账，然后录入查账信息；</p><p><font color=\"#ff0000\">注意 场景3里面只能是先让客户在订单系统里面支付，然后再选择手动转账。一旦选择手动转账，客户在订单系统不能再次线上支付了。</font></p><p><br></p>', 1, 0, 22, 0, 0, 1, 1, 0, '2017-09-27 07:14:38', '2017-09-27 07:14:38', '2'),
(62, '客户关注之后，服务调整。客户取消关注之后自动关联到了一个账号，为什么还是看不新的栏目？', '<p>这种问题一般是客户在系统开通了多个账号。首先要确定客户用关联到了哪个账号，可以让客户点击&nbsp;<a href=\"https://qy.zhongyingtougu.com/debug.php\" target=\"_blank\" style=\"background-color: rgb(255, 255, 255);\">https://qy.zhongyingtougu.com/debug.php</a>&nbsp;查看登录信息。</p><p>结果如下图所示：</p><p><img src=\"/files/upload/201709/pofolio_59cdcdc43e5b9.png\" alt=\"\" style=\"max-width:100%;\"></p><p><br></p><p>然后再根据里面的获取到的用户信息调整。</p><p><br></p><p></p><p><br></p>', 1, 0, 19, 0, 0, 4, 1, 0, '2017-09-29 04:36:52', '2017-09-29 04:36:52', '2'),
(63, '如何查询自己每种支付方式的支付限额是多少\n', '<p><b>微信支付：</b></p><p>1、银行卡限额：在微信app【钱包】-【银行卡】中可看到绑定的银行卡，点击即可查看每张银行卡的单笔和每日限额。</p><p>2、微信零钱支付：</p><p>此支付限额与您是否在微信支付中进行过实名认证、上传过身份证、启用过数字证书有关，每种情况具体的限额及操作设置查看请点击</p><p><a href=\"https://kf.qq.com/touch/sappfaq/130807me2YZf140618BFV77J.html?scene_id=kf4&platform=15\">https://kf.qq.com/touch/sappfaq/130807me2YZf140618BFV77J.html?scene_id=kf4&amp;platform=15</a></p><p><b>支付宝支付：</b></p><p>1、银行卡限额：每家银行的银行卡限额各不同，查看各银行储蓄卡限额您可点击</p><p><a href=\"https://help.alipay.com/lab/help_detail.htm?help_id=419480\">https://help.alipay.com/lab/help_detail.htm?help_id=419480</a>；查看各银行信用卡限额您可点击</p><p><a href=\"https://help.alipay.com/lab/help_detail.htm?help_id=387096查看各银行信用卡限额\">https://help.alipay.com/lab/help_detail.htm?help_id=387096</a></p><p>2、支付宝余额支付：</p><p>此支付限额与您在支付宝app中身份信息是否完全有关，若身份信息完全，额度可达20万／年</p><p><br></p>', 1, 0, 38, 0, 0, 1, 0, 0, '2017-09-30 15:20:33', '2017-09-30 15:20:33', '2'),
(64, '通联支付选择信用卡时，验证信息中的有效期如何填写？', '<p>在信用卡上上线的是有效期是 03/21 ,有效字则填写 2103</p><p>订单页面数据信用卡信息可下图所示：</p><p><img src=\"/files/upload/201710/pofolio_59cfbfc300dee.png\" alt=\"\" style=\"max-width:100%;\"></p><p><br></p><p>信用卡示意图：</p><p><img src=\"/files/upload/201710/pofolio_59cfc03b84e45.png\" alt=\"\" style=\"max-width:100%;\"></p><p><br></p>', 1, 0, 21, 0, 0, 1, 0, 0, '2017-09-30 16:03:19', '2017-09-30 16:03:19', '2'),
(65, '如何线上登记查帐？\n', '<p>快捷操作步骤：</p><p><img src=\"/files/upload/201710/pofolio_59dd9f5ed4629.jpeg\" alt=\"\" style=\"max-width:100%;\" class=\"\"></p><p>标准操作步骤：<img src=\"/files/upload/201710/pofolio_59dd9f73e6332.jpeg\" alt=\"\" style=\"max-width: 100%;\"></p><p><br></p>', 1, 0, 438, 4, 0, 1, 1, 0, '2017-10-11 02:58:59', '2017-10-11 02:58:59', '2'),
(66, '从订单系统中进入合同系统时，系统提示“发起电子合同签约错误：客户信息参数缺失或不合法”，这种情况如何处理？ \n', '<p>在纷享销客上找到合规部的同事，让他帮忙修改该客户的信息，修改好后，让客户重新进入订单即可正常签订合同</p><p><br></p>', 1, 0, 7, 0, 0, 3, 1, 0, '2017-10-11 06:09:09', '2017-10-11 06:09:09', '2'),
(67, '从企业号“客户订单”入口进去，找不到“新建订单”功能，这种情况如何处理？\n', '<p></p><p>在“客服盈盈”栏目下找到客服部的同事，让他检查你是否在对应团队的大部门节点下。</p><p><br></p>', 1, 0, 23, 0, 0, 1, 1, 0, '2017-10-11 06:32:58', '2017-10-11 06:32:58', '2'),
(68, '客户连续购买，之前付的款能否部分抵扣本次付款？\n\n', '<p></p><p>可以的。对于正价且不赠服务期购买快赢全年版、智赢全年、两年、三年套餐的老客户有特殊优惠：支付本次订单时可以用之前3个自然月内已经交过的流水金额（小于1000的流水不计）抵扣。</p><p><br></p>', 1, 0, 39, 0, 0, 1, 0, 0, '2017-10-11 07:55:46', '2017-10-11 07:55:46', '2'),
(69, '如果有客户的节点调整后，权限没有及时刷新 或 用户想查看自己所在的节点以及路径 应该怎么办？', '<p>客户进入&nbsp;客服盈盈栏目后&nbsp;&nbsp;点击“服务状态“功能&nbsp;按钮.&nbsp;该功能主要有两个作用：</p><p>&nbsp;&nbsp;1.&nbsp;强制重新刷新权限</p><p>&nbsp;&nbsp;2.&nbsp;显示当前的开通情况</p><p><br></p>', 1, 0, 1, 0, 0, 4, 1, 0, '2017-11-02 03:25:54', '2017-11-02 03:25:54', '2'),
(72, 'test1', '\n\n                                <p>test1</p>', 1, 0, 1, 0, 0, 2, 0, 0, '2018-03-15 08:18:32', '2018-03-15 08:18:32', '2'),
(73, 'rest', 'rest', 1, 0, 0, 0, 0, 1, 0, 0, '2018-03-15 08:28:21', '2018-03-15 08:28:21', '2'),
(74, 'test2', 'test2', 1, 0, 0, 0, 0, 1, 0, 0, '2018-03-15 09:31:31', '2018-03-15 09:31:31', '2'),
(75, '3333', '33333', 1, 0, 0, 0, 0, 1, 0, 0, '2018-03-15 09:48:18', '2018-03-15 09:48:18', '2,2'),
(76, 'mm', 'mm', 1, 0, 11, 2, 0, 1, 0, 0, '2018-03-15 09:51:47', '2018-03-15 09:51:47', '1'),
(77, '22', '22', 1, 0, 0, 0, 0, 1, 0, 0, '2018-03-15 09:52:08', '2018-03-15 09:52:08', '2'),
(78, '66', '66', 1, 0, 1, 0, 0, 2, 0, 0, '2018-03-15 09:52:38', '2018-03-15 09:52:38', '1,2,2'),
(79, '77', '77', 1, 0, 0, 0, 0, 2, 0, 0, '2018-03-15 09:53:07', '2018-03-15 09:53:07', '2'),
(80, '5555', '55', 1, 0, 4, 0, 0, 3, 0, 0, '2018-03-15 09:53:51', '2018-03-15 09:53:51', '1,2'),
(81, '6666', '66666', 1, 0, 0, 0, 0, 1, 0, 0, '2018-03-15 09:54:21', '2018-03-15 09:54:21', '1,2'),
(82, 'ffffff', 'ffff', 1, 0, 0, 0, 0, 1, 0, 0, '2018-03-15 10:12:37', '2018-03-15 10:12:37', '1,2,1,2'),
(83, 'fff', 'fff', 1, 0, 1, 1, 0, 2, 0, 0, '2018-03-15 10:14:53', '2018-03-15 10:14:53', '1,2,1,2'),
(84, 'ttt', 'tt', 1, 0, 0, 0, 0, 1, 0, 0, '2018-03-15 10:15:57', '2018-03-15 10:15:57', '1,2,1,2'),
(85, 'rr', 'rr999', 1, 0, 0, 0, 0, 2, 0, 0, '2018-03-15 10:16:30', '2018-03-15 10:16:30', '1,2'),
(86, 'tttt', 'tttt', 1, 0, 0, 0, 0, 1, 0, 0, '2018-03-15 10:17:17', '2018-03-15 10:17:17', '1,2'),
(87, 'mmm', '<p>mmmm</p>', 1, 0, 1, 0, 0, 3, 0, 0, '2018-03-15 10:18:13', '2018-03-15 10:18:13', '1,1'),
(88, 'rr', 'rr33', 1, 0, 0, 0, 0, 2, 0, 0, '2018-03-15 10:18:43', '2018-03-15 10:18:43', '1,2'),
(89, 'gg', 'gg', 1, 0, 0, 0, 0, 1, 0, 1, '2018-03-15 10:19:03', '2018-03-15 10:19:03', '1,2,1,2'),
(90, '33333', '33333', 1, 0, 0, 0, 0, 1, 0, 1, '2018-03-15 13:45:48', '2018-03-15 13:45:48', '1,2'),
(91, '4444', '4444', 1, 0, 0, 0, 0, 1, 0, 1, '2018-03-15 13:46:19', '2018-03-15 13:46:19', '1,2,1'),
(92, '444', '444', 1, 0, 0, 0, 0, 1, 0, 1, '2018-03-15 13:50:23', '2018-03-15 13:50:23', '1,2'),
(93, '5555', '55', 1, 0, 0, 0, 0, 3, 0, 1, '2018-03-15 13:50:39', '2018-03-15 13:50:39', '1,2'),
(94, '7777', '7777', 1, 0, 0, 0, 0, 1, 0, 1, '2018-03-15 13:51:08', '2018-03-15 13:51:08', '1,2'),
(95, '8888', '8888', 1, 0, 0, 0, 0, 2, 0, 0, '2018-03-15 13:54:16', '2018-03-15 13:54:16', '1,2'),
(96, '7777', '777744', 1, 0, 0, 0, 0, 1, 0, 0, '2018-03-15 13:54:37', '2018-03-15 13:54:37', '2'),
(97, '44', '44', 1, 0, 0, 0, 0, 1, 0, 0, '2018-03-15 13:59:44', '2018-03-15 13:59:44', '2'),
(98, 'successful', 'successful', 1, 0, 2, 1, 1, 2, 0, 0, '2018-03-15 14:07:08', '2018-03-15 14:07:08', '1'),
(99, '问题测试1', '<p>问题答案</p>', 1, 0, 2, 0, 0, 1, 0, 0, '2018-03-16 07:23:59', '2018-03-16 07:23:59', '2'),
(100, '流程', '流程', 1, 0, 1, 0, 0, 8, 0, 0, '2018-06-13 02:21:32', '2018-06-13 02:21:32', '1,2'),
(101, 'test', 'test', 1, 0, 0, 0, 0, 7, 0, 0, '2018-06-15 00:51:48', '2018-06-15 00:51:48', '1,2'),
(102, '长期险（保障时间超过1年）保证续保吗？', '<p>长期险不存在续保问题的，在保障上，购买多少年就保障多少年。在交费缴费方式上，可以选择分期（30年、20年）交费，到交费期临近时保险公司会提醒您，您只需要保证缴纳保费的银行卡（储蓄卡）金额充足就行了。如果没有扣费成功，在宽限期60天之内交费就可以，不会影响保单效力。</p><p><br></p>', 1, 0, 0, 0, 0, 9, 0, 0, '2018-06-25 06:18:10', '2018-06-25 06:18:10', '3'),
(103, '什么是等待期？意外有等待期吗？', '<p>等待期也叫观察期。在等待期内，被保险人发生了疾病是不能获得赔偿的。但是，意外事故是外来的、偶然的、不可预见的，所以不存在等待期的问题。</p><p><br></p>', 1, 0, 0, 0, 0, 9, 0, 0, '2018-06-25 06:18:34', '2018-06-25 06:18:34', '3'),
(104, '保险条款中不限社保用药是什么意思？', '<p>医院治疗项目氛围社保目录范围和自费范围。其中自费范围是不属于社保报销范围的，关于哪些不属于社保范围，可以致电当地社保12333咨询。但是保险条款规定不限社保用药，意味着社保不承担的部分，商业保险可以保障。</p><p><br></p>', 1, 0, 0, 0, 0, 9, 0, 0, '2018-06-25 06:18:52', '2018-06-25 06:18:52', '3'),
(105, '买了多款保险，赔付的时候都可以赔吗？', '<p>有两种类型。第一种，给付型保险（重疾、伤残、身故、津贴），只要符合保险责任，就可以按照约定给付，多款保险都可以赔付的。第二种，费用补偿性保险（医疗补充型保险），也就是报销型的保险产品，这种保险是补偿型的，所以哪怕买了多款保险，最后所有保险的赔付总额也不能高于实际发生的费用。</p><p><br></p>', 1, 0, 0, 0, 0, 9, 0, 0, '2018-06-25 06:19:15', '2018-06-25 06:19:15', '3'),
(106, '怎么了解我的职业是否可以投保？', '<p>您可以在具体的保险产品页面上，点击“投保须知”，里面会有“职业范围”一项详细列出可以承保的职业类别，并且会有详细的“职业类别表”。如果页面里没有您的职业或者您不能确定自己的职业属于哪类，可以咨询您的客服专员，帮助您确认。</p><p><br></p>', 1, 0, 0, 0, 0, 9, 0, 0, '2018-06-25 06:19:38', '2018-06-25 06:19:38', '3'),
(107, '如果这个平台倒闭了，我的保单会受影响吗？', '<p>我们只是一个帮助您选择合适保险产品、对接产品购买的服务平台，您够买的产品是保险公司的产品，保险合同也是由您和保险公司直接订立的。按照我国的法律规定，保险公司如果倒闭，这家公司承保的保险合同会由政府制定机构接收，因此，我国法律是保护投保人利益的，保证保单不会失效。</p><p><br></p>', 1, 0, 0, 0, 0, 10, 0, 0, '2018-06-25 06:20:00', '2018-06-25 06:20:00', '3'),
(108, '宝宝只有出生证明，可以买保险吗？', ' <p>投保时可以在证件类型中选择“其他”，填写出生证编号即可。申请理赔的时候，需要提供身份证或者户口本，如果申请理赔时仍未办理户口，提供出生证副页即可。http://crm.daohehui.com/uploads/cms/2019/0426/5cc2931e56dcf.pdf</p><p><br></p>', 1, 0, 90, 12, 4, 11, 0, 0, '2018-06-25 06:20:19', '2018-06-25 06:20:19', '3,4'),
(109, '可以给别人买保险送他吗？', '<p><img src=\"https://img02.sogoucdn.com/app/a/100520146/d8d5f73ecfed24013f9eb90fe8e7e868\" style=\"max-width: 100%;\">短期险（成人）我们建议自己投保。如果您要给父母购买保险，必须征得对方的同意，并且理解产品条款、约定、健康告知，并确认符合投保要求。</p><p><br></p>', 1, 0, 6, 0, 0, 11, 0, 0, '2018-06-25 06:20:38', '2019-01-06 18:01:23', '3,4');

-- --------------------------------------------------------

--
-- 表的结构 `keyword`
--

DROP TABLE IF EXISTS `keyword`;
CREATE TABLE IF NOT EXISTS `keyword` (
  `id` int(10) UNSIGNED NOT NULL AUTO_INCREMENT,
  `keyword` varchar(10) COLLATE utf8mb4_unicode_ci NOT NULL,
  PRIMARY KEY (`id`)
) ENGINE=MyISAM AUTO_INCREMENT=5 DEFAULT CHARSET=utf8mb4 COLLATE=utf8mb4_unicode_ci;

--
-- 转存表中的数据 `keyword`
--

INSERT INTO `keyword` (`id`, `keyword`) VALUES
(1, '芳华'),
(2, '冯小刚'),
(3, '老炮儿'),
(4, '导演');

-- --------------------------------------------------------

--
-- 表的结构 `member`
--

DROP TABLE IF EXISTS `member`;
CREATE TABLE IF NOT EXISTS `member` (
  `id` int(11) NOT NULL AUTO_INCREMENT,
  `name` varchar(32) NOT NULL,
  `age` tinyint(3) UNSIGNED NOT NULL,
  `email` varchar(32) NOT NULL,
  `avatar` varchar(100) NOT NULL,
  PRIMARY KEY (`id`)
) ENGINE=MyISAM AUTO_INCREMENT=10 DEFAULT CHARSET=utf8;

--
-- 转存表中的数据 `member`
--

INSERT INTO `member` (`id`, `name`, `age`, `email`, `avatar`) VALUES
(1, '张三丰', 18, 'madongmei@163.com', ''),
(2, '马春梅', 20, 'machunmei@163.com', ''),
(3, '马夏梅', 18, 'maxiamei@163.com', ''),
(5, '顶顶顶', 16, 'dingdingding@163.com', ''),
(6, '占山', 14, 'zhanshan@mail.com', ''),
(7, '1', 1, 'gxl-dyx@163.com', ''),
(8, '网三', 22, 'wangsan@163.com', './uploads/b16846449ca2cdcb407eedc30ee2080b.jpg'),
(9, 'dd', 11, 'gxl-dyx@163.com', './uploads/24ef7b93270577adee341cd6c0b07f8d.jpg');

-- --------------------------------------------------------

--
-- 表的结构 `migrations`
--

DROP TABLE IF EXISTS `migrations`;
CREATE TABLE IF NOT EXISTS `migrations` (
  `id` int(10) UNSIGNED NOT NULL AUTO_INCREMENT,
  `migration` varchar(255) COLLATE utf8mb4_unicode_ci NOT NULL,
  `batch` int(11) NOT NULL,
  PRIMARY KEY (`id`)
) ENGINE=MyISAM AUTO_INCREMENT=8 DEFAULT CHARSET=utf8mb4 COLLATE=utf8mb4_unicode_ci;

--
-- 转存表中的数据 `migrations`
--

INSERT INTO `migrations` (`id`, `migration`, `batch`) VALUES
(2, '2020_04_10_132353_create_paper_table', 1),
(3, '2020_04_11_141937_create_article_table', 2),
(4, '2020_04_11_142002_create_author_table', 3),
(5, '2020_04_11_155100_create_comment_table', 4),
(6, '2020_04_11_162108_create_keyword_table', 5),
(7, '2020_04_11_162134_create_relation_table', 5);

-- --------------------------------------------------------

--
-- 表的结构 `paper`
--

DROP TABLE IF EXISTS `paper`;
CREATE TABLE IF NOT EXISTS `paper` (
  `id` int(10) UNSIGNED NOT NULL AUTO_INCREMENT,
  `paper_name` varchar(100) COLLATE utf8mb4_unicode_ci NOT NULL,
  `total_score` tinyint(4) NOT NULL DEFAULT '100',
  `start_time` int(11) DEFAULT NULL,
  `duration` tinyint(4) DEFAULT NULL,
  `status` tinyint(4) NOT NULL DEFAULT '1',
  PRIMARY KEY (`id`),
  UNIQUE KEY `paper_paper_name_unique` (`paper_name`)
) ENGINE=MyISAM AUTO_INCREMENT=5 DEFAULT CHARSET=utf8mb4 COLLATE=utf8mb4_unicode_ci;

--
-- 转存表中的数据 `paper`
--

INSERT INTO `paper` (`id`, `paper_name`, `total_score`, `start_time`, `duration`, `status`) VALUES
(1, '五年高考，三年模拟', 100, 1587133882, 120, 1),
(2, '五年，三年模拟', 100, 1587133882, 110, 1),
(3, '五年高考，模拟', 100, 1586961082, 127, 1),
(4, '五年高三年模拟', 100, 1587393082, 100, 1);

-- --------------------------------------------------------

--
-- 表的结构 `relation`
--

DROP TABLE IF EXISTS `relation`;
CREATE TABLE IF NOT EXISTS `relation` (
  `id` int(10) UNSIGNED NOT NULL AUTO_INCREMENT,
  `article_id` tinyint(4) NOT NULL,
  `key_id` tinyint(4) NOT NULL,
  PRIMARY KEY (`id`)
) ENGINE=MyISAM AUTO_INCREMENT=7 DEFAULT CHARSET=utf8mb4 COLLATE=utf8mb4_unicode_ci;

--
-- 转存表中的数据 `relation`
--

INSERT INTO `relation` (`id`, `article_id`, `key_id`) VALUES
(1, 1, 1),
(2, 1, 4),
(3, 5, 2),
(4, 1, 3),
(5, 5, 4),
(6, 1, 3);
COMMIT;

/*!40101 SET CHARACTER_SET_CLIENT=@OLD_CHARACTER_SET_CLIENT */;
/*!40101 SET CHARACTER_SET_RESULTS=@OLD_CHARACTER_SET_RESULTS */;
/*!40101 SET COLLATION_CONNECTION=@OLD_COLLATION_CONNECTION */;
